-- Users

INSERT INTO forum_users (id, email, password, name, joined_at) VALUES
  (1, 'mivanov@example.com', 'pbkdf2_sha256$24000$NiGtvdzxWkOI$LI2cy7OBuW1OewPWJmeMZMh0J85dn3HWFNN6FOBuNe4=', 'Матвей Иванов', '2018-05-05 15:00:00'),
  (2, 'asmirnov@example.com', 'pbkdf2_sha256$24000$lv1eo2EBHj5p$pNaCB7VxsI586+o17o19L+TYzl+w4skDL5i80SeqnoA=', 'Артём Смирнов', '2018-05-05 16:00:00'),
  (3, 'mkuznecov@example.com', 'pbkdf2_sha256$24000$rV7Uivc23wuW$9dia86Q19r7irzyn9dre6b74bX2GNBx0sIBnrxN7l0Q=', 'Максим Кузнецов', '2018-05-05 17:00:00'),
  (4, 'dpopov@example.com', 'pbkdf2_sha256$24000$BoH2IXxaPRB6$HyWSdvnIEnyF9BWSiIvsQ8hPuf9vAG1ueB7zdfLOBFQ=', 'Дмитрий Попов', '2018-05-05 18:00:00'),
  (5, 'vosipov@example.com', 'pbkdf2_sha256$100000$c89MygBqMX9y$FfT+HBCRMwuizVrzYCGpVthO1DUuWF0Q4oLbkaGtQyA=', 'Владимир Осипов', '2018-05-05 19:00:00');

-- Forums

INSERT INTO forum_forums(id, parent_id, name, created_at) VALUES
  (1, NULL, 'Главный форум', '2018-05-05 20:00:00'),
  (2, 1, 'Общие вопросы', '2018-05-05 21:00:00');

-- Topics

INSERT INTO forum_topics(id, forum_id, author_id, name, created_at) VALUES
  (1, 1, 1, 'Тема 1 (1 сообщение, 1 пользователь)', '2018-05-05 22:00:00'),
  (2, 1, 2, 'Тема 2 (3 сообщения, 3 пользователя)', '2018-05-05 23:00:00'),
  (3, 1, 3, 'Тема 3 (4 сообщения, 4 пользователя)', '2018-05-06 00:00:00'),
  (4, 1, 4, 'Тема 4 (5 сообщений, 2 пользователя)', '2018-05-06 01:00:00'),
  (5, 1, 5, 'Тема 5 (5 сообщений, 5 пользователей)', '2018-05-06 02:00:00');
  (6, 1, 1, 'Тема 6 (6 сообщений, 6 пользователей)', '2018-05-06 03:00:00');

-- Posts

INSERT INTO forum_posts(id, topic_id, author_id, content, created_at) VALUES
  (1, 1, 1, '<p>Сообщение 1.1</p>', '2018-05-06 04:00:00'),

  (2, 2, 1, '<p>Сообщение 2.1</p>', '2018-05-06 05:00:00'),
  (3, 2, 2, '<p>Сообщение 2.2</p>', '2018-05-06 06:00:00'),
  (4, 2, 3, '<p>Сообщение 2.3</p>', '2018-05-06 07:00:00'),

  (5, 3, 1, '<p>Сообщение 3.1</p>', '2018-05-06 08:00:00'),
  (6, 3, 2, '<p>Сообщение 3.2</p>', '2018-05-06 09:00:00'),
  (7, 3, 3, '<p>Сообщение 3.3</p>', '2018-05-06 10:00:00'),
  (8, 3, 4, '<p>Сообщение 3.4</p>', '2018-05-06 11:00:00'),

  (9, 4, 1, '<p>Сообщение 4.1</p>', '2018-05-06 12:00:00'),
  (10, 4, 2, '<p>Сообщение 4.2</p>', '2018-05-06 13:00:00'),
  (11, 4, 1, '<p>Сообщение 4.3</p>', '2018-05-06 14:00:00'),
  (12, 4, 2, '<p>Сообщение 4.4</p>', '2018-05-06 15:00:00'),
  (13, 4, 1, '<p>Сообщение 4.5</p>', '2018-05-06 16:00:00'),

  (14, 5, 1, '<p>Сообщение 5.1</p>', '2018-05-06 17:00:00'),
  (15, 5, 2, '<p>Сообщение 5.2</p>', '2018-05-06 18:00:00'),
  (16, 5, 3, '<p>Сообщение 5.3</p>', '2018-05-06 19:00:00'),
  (17, 5, 4, '<p>Сообщение 5.4</p>', '2018-05-06 20:00:00'),
  (18, 5, 5, '<p>Сообщение 5.5</p>', '2018-05-06 21:00:00'),

  (19, 6, 1, '<p>Сообщение 6.1</p>', '2018-05-06 22:00:00'),
  (20, 6, 2, '<p>Сообщение 6.2</p>', '2018-05-06 23:00:00'),
  (21, 6, 3, '<p>Сообщение 6.3</p>', '2018-05-07 00:00:00'),
  (22, 6, 4, '<p>Сообщение 6.4</p>', '2018-05-07 01:00:00'),
  (23, 6, 5, '<p>Сообщение 6.5</p>', '2018-05-07 02:00:00'),
  (24, 6, 1, '<p>Сообщение 6.6</p>', '2018-05-07 03:00:00');
